1,1. Greetings & Basic Communication,all the best,phr.,hammasi yaxshi bo'lsin,A1 Master
2,1. Greetings & Basic Communication,alright,interj.,yaxshi / mayli,A1 Master
3,1. Greetings & Basic Communication,answer,v.,javob,A1 Master
4,1. Greetings & Basic Communication,apologize,v.,uzr so'ramoq,A1 Master
5,1. Greetings & Basic Communication,ask,v.,so‘ramoq,A1 Master
6,1. Greetings & Basic Communication,attention,n.,e'tibor,A1 Master
7,1. Greetings & Basic Communication,bless you,interj.,sog' bo'ling (aksirganda),A1 Master
8,1. Greetings & Basic Communication,bye,n./adj.,xayr,A1 Master
9,1. Greetings & Basic Communication,cheers,interj.,salomat bo'ling (qadah),A1 Master
10,1. Greetings & Basic Communication,communicate,v.,muloqot qilmoq,A1 Master
11,1. Greetings & Basic Communication,compliment,n.,maqtov,A1 Master
12,1. Greetings & Basic Communication,congratulations,interj.,tabriklaymiz,A1 Master
13,1. Greetings & Basic Communication,conversation,n.,suhbat,A1 Master
14,1. Greetings & Basic Communication,dialogue,n.,dialog,A1 Master
15,1. Greetings & Basic Communication,English,n./adj.,ingliz tili,A1 Master
16,1. Greetings & Basic Communication,example,n./adj.,misol,A1 Master
17,1. Greetings & Basic Communication,excuse me,n./adj.,kechirasiz,A1 Master
18,1. Greetings & Basic Communication,false,n./adj.,noto‘g‘ri (soxta, xato),A1 Master
19,1. Greetings & Basic Communication,"fine, thanks",phr.,"yaxshi, rahmat",A1 Master
20,1. Greetings & Basic Communication,get well soon,phr.,tezroq tuzalib keting,A1 Master
21,1. Greetings & Basic Communication,good afternoon,n./adj.,xayrli kun,A1 Master
22,1. Greetings & Basic Communication,good evening,n./adj.,xayrli kech,A1 Master
23,1. Greetings & Basic Communication,good luck,phr.,omad tilayman,A1 Master
24,1. Greetings & Basic Communication,good morning,n./adj.,xayrli tong,A1 Master
25,1. Greetings & Basic Communication,good night,n./adj.,xayrli tun,A1 Master
26,1. Greetings & Basic Communication,good to see you,phr.,ko'rganimdan xursandman,A1 Master
27,1. Greetings & Basic Communication,goodbye,n./adj.,xayr,A1 Master
28,1. Greetings & Basic Communication,greeting card,n.,tabrik otkritkasi,A1 Master
29,1. Greetings & Basic Communication,greetings,n.,salomlashuv,A1 Master
30,1. Greetings & Basic Communication,handshake,n.,qo'l siqish,A1 Master
31,1. Greetings & Basic Communication,happy birthday,phr.,tug'ilgan kuningiz bilan,A1 Master
32,1. Greetings & Basic Communication,happy new year,phr.,yangi yilingiz bilan,A1 Master
33,1. Greetings & Basic Communication,have a nice day,phr.,kuningiz xayrli o'tsin,A1 Master
34,1. Greetings & Basic Communication,hello,n./adj.,salom,A1 Master
35,1. Greetings & Basic Communication,help,v.,yordam,A1 Master
36,1. Greetings & Basic Communication,hey,interj.,salom (norasmiy),A1 Master
37,1. Greetings & Basic Communication,hi,n./adj.,salom,A1 Master
38,1. Greetings & Basic Communication,how are you?,phr.,qalaysiz?,A1 Master
39,1. Greetings & Basic Communication,how old are you?,phr.,necha yoshdasiz?,A1 Master
40,1. Greetings & Basic Communication,I agree,phr.,rozi man / qo'shilaman,A1 Master
41,1. Greetings & Basic Communication,I disagree,phr.,rozi emasman,A1 Master
42,1. Greetings & Basic Communication,I don't understand,phr.,tushunmayapman,A1 Master
43,1. Greetings & Basic Communication,I understand,phr.,tushunaman,A1 Master
44,1. Greetings & Basic Communication,I'm from Uzbekistan,phr.,men O'zbekistondanman,A1 Master
45,1. Greetings & Basic Communication,I'm sorry to hear that,phr.,buni eshitib afsuslandim,A1 Master
46,1. Greetings & Basic Communication,idea,n./adj.,g‘oya,A1 Master
47,1. Greetings & Basic Communication,introduce,v.,tanishtirmoq,A1 Master
48,1. Greetings & Basic Communication,introduce yourself,phr.,o'zini tanishtirmoq,A1 Master
49,1. Greetings & Basic Communication,invitation,n.,taklifnoma,A1 Master
50,1. Greetings & Basic Communication,invite,v.,taklif qilmoq,A1 Master
51,1. Greetings & Basic Communication,language,n./adj.,til,A1 Master
52,1. Greetings & Basic Communication,long time no see,phr.,ko'rishmaganimizga ancha bo'ldi,A1 Master
53,1. Greetings & Basic Communication,maybe,adv.,balki,A1 Master
54,1. Greetings & Basic Communication,mean,v.,anglatmoq,A1 Master
55,1. Greetings & Basic Communication,merry,adj.,quvnoq,A1 Master
56,1. Greetings & Basic Communication,message,n.,xabar,A1 Master
57,1. Greetings & Basic Communication,my name is...,phr.,mening ismim...,A1 Master
58,1. Greetings & Basic Communication,my pleasure,phr.,xursandman,A1 Master
59,1. Greetings & Basic Communication,name,n./adj.,ism,A1 Master
60,1. Greetings & Basic Communication,nice to meet you,phr.,tanishganimdan xursandman,A1 Master
61,1. Greetings & Basic Communication,no,n./adj.,yo‘q,A1 Master
62,1. Greetings & Basic Communication,no problem,phr.,muammo yo'q,A1 Master
63,1. Greetings & Basic Communication,no worries,phr.,xavotir olmang,A1 Master
64,1. Greetings & Basic Communication,nothing much,phr.,"hech narsa, oddiy",A1 Master
65,1. Greetings & Basic Communication,of course,phr.,albatta,A1 Master
66,1. Greetings & Basic Communication,okay,n./adj.,xo‘p,A1 Master
67,1. Greetings & Basic Communication,pardon?,interj.,"kechirasiz, nima dedingiz?",A1 Master
68,1. Greetings & Basic Communication,please,n./adj.,iltimos,A1 Master
69,1. Greetings & Basic Communication,please repeat,phr.,"iltimos, qaytaring",A1 Master
70,1. Greetings & Basic Communication,polite phrase,n.,xushmuomalalik iborasi,A1 Master
71,1. Greetings & Basic Communication,problem,n./adj.,muammo,A1 Master
72,1. Greetings & Basic Communication,question,n./adj.,savol,A1 Master
73,1. Greetings & Basic Communication,really?,interj.,rostdanmi?,A1 Master
74,1. Greetings & Basic Communication,repeat,v.,takrorlamoq,A1 Master
75,1. Greetings & Basic Communication,reply,v.,javob bermoq (xat/xabarga),A1 Master
76,1. Greetings & Basic Communication,right,n./adj.,"to‘g‘ri, o'ng",A1 Master
77,1. Greetings & Basic Communication,say,v.,"aytmoq, demoq",A1 Master
78,1. Greetings & Basic Communication,see you,phr.,ko'rishguncha,A1 Master
79,1. Greetings & Basic Communication,see you later,phr.,keyinroq ko'rishamiz,A1 Master
80,1. Greetings & Basic Communication,sorry,n./adj.,uzr,A1 Master
81,1. Greetings & Basic Communication,speak,v.,"gapirmoq, so'zlamoq",A1 Master
82,1. Greetings & Basic Communication,speak slowly,phr.,sekin gapiring,A1 Master
83,1. Greetings & Basic Communication,spell,v.,harflab aytmoq,A1 Master
84,1. Greetings & Basic Communication,sure,interj.,"albatta, mayli",A1 Master
85,1. Greetings & Basic Communication,take care,phr.,o'zingizga ehtiyot bo'ling,A1 Master
86,1. Greetings & Basic Communication,take it easy,phr.,xotirjam bo'ling,A1 Master
87,1. Greetings & Basic Communication,tell,v.,"aytib bermoq, hikoya qilmoq",A1 Master
88,1. Greetings & Basic Communication,thank you,n./adj.,rahmat,A1 Master
89,1. Greetings & Basic Communication,thanks,n./adj.,rahmat,A1 Master
90,1. Greetings & Basic Communication,true,n./adj.,to‘g‘ri (haqiqiy),A1 Master
91,1. Greetings & Basic Communication,understand,v.,tushunmoq,A1 Master
92,1. Greetings & Basic Communication,Uzbek,n./adj.,o‘zbek tili,A1 Master
93,1. Greetings & Basic Communication,welcome,n./adj.,xush kelibsiz,A1 Master
94,1. Greetings & Basic Communication,what's up?,phr.,nima gaplar?,A1 Master
95,1. Greetings & Basic Communication,what's your name?,phr.,ismingiz nima?,A1 Master
96,1. Greetings & Basic Communication,where are you from?,phr.,qayerliksiz?,A1 Master
97,1. Greetings & Basic Communication,word,n./adj.,so‘z,A1 Master
98,1. Greetings & Basic Communication,wow,interj.,voy,A1 Master
99,1. Greetings & Basic Communication,wrong,n./adj.,"noto‘g‘ri, xato",A1 Master
100,1. Greetings & Basic Communication,yes,n./adj.,ha,A1 Master
101,1. Greetings & Basic Communication,you're welcome,phr.,arzimaydi,A1 Master
102,"10. Places, Transport & Travel",accident,n.,baxtsiz hodisa,A1 Master
103,"10. Places, Transport & Travel",airport,n./adj.,aeroport,A1 Master
104,"10. Places, Transport & Travel",arrival,n.,kelish,A1 Master
105,"10. Places, Transport & Travel",arrive,v.,yetib kelmoq,A1 Master
106,"10. Places, Transport & Travel",backpack,n.,ryukzak,A1 Master
107,"10. Places, Transport & Travel",bank,n./adj.,bank,A1 Master
108,"10. Places, Transport & Travel",bicycle,n./adj.,velosiped,A1 Master
109,"10. Places, Transport & Travel",boat,n./adj.,qayiq,A1 Master
110,"10. Places, Transport & Travel",border,n.,chegara,A1 Master
111,"10. Places, Transport & Travel",bridge,n.,ko'prik,A1 Master
112,"10. Places, Transport & Travel",bus,n./adj.,avtobus,A1 Master
113,"10. Places, Transport & Travel",bus stop,n.,avtobus bekati,A1 Master
114,"10. Places, Transport & Travel",buy,v.,sotib olmoq,A1 Master
115,"10. Places, Transport & Travel",cable car,n.,kanat yo'l,A1 Master
116,"10. Places, Transport & Travel",camp,n.,lager,A1 Master
117,"10. Places, Transport & Travel",capital city,n.,poytaxt,A1 Master
118,"10. Places, Transport & Travel",car,n./adj.,mashina,A1 Master
119,"10. Places, Transport & Travel",castle,n.,qal'a,A1 Master
120,"10. Places, Transport & Travel",check-in,n.,ro'yxatdan o'tish (mehmonxona),A1 Master
121,"10. Places, Transport & Travel",church,n.,cherkov,A1 Master
122,"10. Places, Transport & Travel",cinema,n./adj.,kino,A1 Master
123,"10. Places, Transport & Travel",come,v.,kelmoq,A1 Master
124,"10. Places, Transport & Travel",company,n.,kompaniya,A1 Master
125,"10. Places, Transport & Travel",compass,n.,kompas,A1 Master
126,"10. Places, Transport & Travel",countryside,n.,qishloq joylar,A1 Master
127,"10. Places, Transport & Travel",court,n.,sud,A1 Master
128,"10. Places, Transport & Travel",crossroad,n.,chorraha,A1 Master
129,"10. Places, Transport & Travel",delay,n.,kechikish,A1 Master
130,"10. Places, Transport & Travel",departure,n.,jo'nash,A1 Master
131,"10. Places, Transport & Travel",direction,n.,yo'nalish,A1 Master
132,"10. Places, Transport & Travel",distance,n.,masofa,A1 Master
133,"10. Places, Transport & Travel",downtown,n.,shahar markazi,A1 Master
134,"10. Places, Transport & Travel",east,n.,sharq,A1 Master
135,"10. Places, Transport & Travel",embassy,n.,elchixona,A1 Master
136,"10. Places, Transport & Travel",exhibition,n.,ko'rgazma,A1 Master
137,"10. Places, Transport & Travel",factory,n.,zavod,A1 Master
138,"10. Places, Transport & Travel",far,n./adj.,uzoq,A1 Master
139,"10. Places, Transport & Travel",fare,n.,yo'l haqi,A1 Master
140,"10. Places, Transport & Travel",ferry,n.,parom,A1 Master
141,"10. Places, Transport & Travel",find,v.,topmoq,A1 Master
142,"10. Places, Transport & Travel",fire station,n.,o't o'chirish depoi,A1 Master
143,"10. Places, Transport & Travel",flight,n.,reys (parvoz),A1 Master
144,"10. Places, Transport & Travel",fountain,n.,favvora,A1 Master
145,"10. Places, Transport & Travel",gallery,n.,galereya,A1 Master
146,"10. Places, Transport & Travel",gas station,n.,benzin quyish shoxobchasi,A1 Master
147,"10. Places, Transport & Travel",go,v.,bormoq,A1 Master
148,"10. Places, Transport & Travel",guide (tour),n.,gid,A1 Master
149,"10. Places, Transport & Travel",harbor,n.,port,A1 Master
150,"10. Places, Transport & Travel",here,n./adj.,bu yerda,A1 Master
151,"10. Places, Transport & Travel",highway,n.,avtomagistral,A1 Master
152,"10. Places, Transport & Travel",hiking,n.,piyoda sayohat,A1 Master
153,"10. Places, Transport & Travel",holiday,n./adj.,ta’til,A1 Master
154,"10. Places, Transport & Travel",hotel,n./adj.,mehmonxona,A1 Master
155,"10. Places, Transport & Travel",journey,n.,sayohat (uzoq masofali),A1 Master
156,"10. Places, Transport & Travel",landmark,n.,diqqatga sazovor joy,A1 Master
157,"10. Places, Transport & Travel",leave,v.,"ketmoq, tark etmoq",A1 Master
158,"10. Places, Transport & Travel",left,n./adj.,chap,A1 Master
159,"10. Places, Transport & Travel",lost,n./adj.,adashgan/yo‘qolgan,A1 Master
160,"10. Places, Transport & Travel",luggage,n.,yuk / chamadon,A1 Master
161,"10. Places, Transport & Travel",map,n./adj.,xarita,A1 Master
162,"10. Places, Transport & Travel",market,n./adj.,bozor,A1 Master
163,"10. Places, Transport & Travel",metro,n.,metro,A1 Master
164,"10. Places, Transport & Travel",monument,n.,yodgorlik,A1 Master
165,"10. Places, Transport & Travel",mosque,n.,masjid,A1 Master
166,"10. Places, Transport & Travel",motorbike,n./adj.,mototsikl,A1 Master
167,"10. Places, Transport & Travel",museum,n./adj.,muzey,A1 Master
168,"10. Places, Transport & Travel",near,n./adj.,yaqin,A1 Master
169,"10. Places, Transport & Travel",north,n.,shimol,A1 Master
170,"10. Places, Transport & Travel",office,n.,ofis,A1 Master
171,"10. Places, Transport & Travel",palace,n.,saroy,A1 Master
172,"10. Places, Transport & Travel",park,n./adj.,bog‘/park,A1 Master
173,"10. Places, Transport & Travel",parking lot,n.,avtoturargoh,A1 Master
174,"10. Places, Transport & Travel",passenger,n.,yo'lovchi,A1 Master
175,"10. Places, Transport & Travel",passport control,n.,pasport nazorati,A1 Master
176,"10. Places, Transport & Travel",pay,v.,to‘lamoq,A1 Master
177,"10. Places, Transport & Travel",plane,n./adj.,samolyot,A1 Master
178,"10. Places, Transport & Travel",platform,n.,platforma,A1 Master
179,"10. Places, Transport & Travel",police station,n.,politsiya bo'limi,A1 Master
180,"10. Places, Transport & Travel",post office,n./adj.,pochta,A1 Master
181,"10. Places, Transport & Travel",prison,n.,qamoqxona,A1 Master
182,"10. Places, Transport & Travel",reservation,n.,bron,A1 Master
183,"10. Places, Transport & Travel",rest area,n.,dam olish maskani,A1 Master
184,"10. Places, Transport & Travel",return,v.,qaytmoq,A1 Master
185,"10. Places, Transport & Travel",route,n.,marshrut,A1 Master
186,"10. Places, Transport & Travel",seat belt,n.,xavfsizlik kamari,A1 Master
187,"10. Places, Transport & Travel",ship,n./adj.,kema,A1 Master
188,"10. Places, Transport & Travel",shop,n./adj.,do‘kon,A1 Master
189,"10. Places, Transport & Travel",sidewalk,n.,piyodalar yo'lkasi,A1 Master
190,"10. Places, Transport & Travel",south,n.,janub,A1 Master
191,"10. Places, Transport & Travel",speed,n.,tezlik,A1 Master
192,"10. Places, Transport & Travel",square,n.,maydon,A1 Master
193,"10. Places, Transport & Travel",stadium,n.,stadion,A1 Master
194,"10. Places, Transport & Travel",station,n./adj.,bekat/vokzal,A1 Master
195,"10. Places, Transport & Travel",statue,n.,haykal,A1 Master
196,"10. Places, Transport & Travel",straight,n./adj.,to‘g‘ri,A1 Master
197,"10. Places, Transport & Travel",suburb,n.,shahar chekkasi,A1 Master
198,"10. Places, Transport & Travel",subway station,n.,metro bekati,A1 Master
199,"10. Places, Transport & Travel",suitcase,n.,chamadon,A1 Master
200,"10. Places, Transport & Travel",supermarket,n.,supermarket,A1 Master
201,"10. Places, Transport & Travel",taxi,n./adj.,taksi,A1 Master
202,"10. Places, Transport & Travel",tent,n.,chodir,A1 Master
203,"10. Places, Transport & Travel",theater,n.,teatr,A1 Master
204,"10. Places, Transport & Travel",there,n./adj.,u yerda,A1 Master
205,"10. Places, Transport & Travel",ticket,n./adj.,chipta,A1 Master
206,"10. Places, Transport & Travel",tourist,n.,turist,A1 Master
207,"10. Places, Transport & Travel",tower,n.,minora,A1 Master
208,"10. Places, Transport & Travel",town,n./adj.,kichik shahar,A1 Master
209,"10. Places, Transport & Travel",traffic,n.,tirbandlik,A1 Master
210,"10. Places, Transport & Travel",traffic light,n.,svetofor,A1 Master
211,"10. Places, Transport & Travel",train,n./adj.,poyezd,A1 Master
212,"10. Places, Transport & Travel",train station,n.,temir yo'l vokzali,A1 Master
213,"10. Places, Transport & Travel",travel,v.,sayohat qilmoq,A1 Master
214,"10. Places, Transport & Travel",trip,n./adj.,"sayohat, qisqa safar",A1 Master
215,"10. Places, Transport & Travel",village,n./adj.,qishloq,A1 Master
216,"10. Places, Transport & Travel",village square,n.,qishloq maydoni,A1 Master
217,"10. Places, Transport & Travel",visit,v.,tashrif buyurmoq,A1 Master
218,"10. Places, Transport & Travel",west,n.,g'arb,A1 Master
219,"10. Places, Transport & Travel",zoo,n.,hayvonot bog'i,A1 Master
220,"11. Nature, Animals & Weather",animal,n./adj.,hayvon,A1 Master
221,"11. Nature, Animals & Weather",ant,n.,chumoli,A1 Master
222,"11. Nature, Animals & Weather",autumn,n.,kuz,A1 Master
223,"11. Nature, Animals & Weather",beach,n./adj.,sohil,A1 Master
224,"11. Nature, Animals & Weather",bear,n.,ayiq,A1 Master
225,"11. Nature, Animals & Weather",bee,n./adj.,ari,A1 Master
226,"11. Nature, Animals & Weather",bird,n./adj.,qush,A1 Master
227,"11. Nature, Animals & Weather",branch,n.,shox,A1 Master
228,"11. Nature, Animals & Weather",breeze,n.,yengil shamol,A1 Master
229,"11. Nature, Animals & Weather",butterfly,n./adj.,kapalak,A1 Master
230,"11. Nature, Animals & Weather",cage,n.,qafas,A1 Master
231,"11. Nature, Animals & Weather",camel,n.,tuya,A1 Master
232,"11. Nature, Animals & Weather",cat,n./adj.,mushuk,A1 Master
233,"11. Nature, Animals & Weather",cave,n.,g'or,A1 Master
234,"11. Nature, Animals & Weather",chicken (animal),n.,tovuq,A1 Master
235,"11. Nature, Animals & Weather",climate,n.,iqlim,A1 Master
236,"11. Nature, Animals & Weather",cloud,n./adj.,bulut,A1 Master
237,"11. Nature, Animals & Weather",cloudy,adj.,bulutli,A1 Master
238,"11. Nature, Animals & Weather",cold (weather),adj.,sovuq,A1 Master
239,"11. Nature, Animals & Weather",cool,n./adj.,salqin,A1 Master
240,"11. Nature, Animals & Weather",cow,n./adj.,sigir,A1 Master
241,"11. Nature, Animals & Weather",crocodile,n.,timsoh,A1 Master
242,"11. Nature, Animals & Weather",crop,n.,hosil,A1 Master
243,"11. Nature, Animals & Weather",deer,n.,kiyik,A1 Master
244,"11. Nature, Animals & Weather",desert,n.,cho'l,A1 Master
245,"11. Nature, Animals & Weather",dog,n./adj.,it,A1 Master
246,"11. Nature, Animals & Weather",dolphin,n.,delfin,A1 Master
247,"11. Nature, Animals & Weather",donkey,n.,eshak,A1 Master
248,"11. Nature, Animals & Weather",drought,n.,qurg'oqchilik,A1 Master
249,"11. Nature, Animals & Weather",duck,n./adj.,o‘rdak,A1 Master
250,"11. Nature, Animals & Weather",dust,n.,chang,A1 Master
251,"11. Nature, Animals & Weather",earth,n.,yer,A1 Master
252,"11. Nature, Animals & Weather",earthquake,n.,zilzila,A1 Master
253,"11. Nature, Animals & Weather",elephant,n./adj.,fil,A1 Master
254,"11. Nature, Animals & Weather",environment,n.,atrof-muhit,A1 Master
255,"11. Nature, Animals & Weather",feather,n.,pat,A1 Master
256,"11. Nature, Animals & Weather",field,n.,dala,A1 Master
257,"11. Nature, Animals & Weather",fire,n.,olov,A1 Master
258,"11. Nature, Animals & Weather",flood,n.,sel,A1 Master
259,"11. Nature, Animals & Weather",flower,n./adj.,gul,A1 Master
260,"11. Nature, Animals & Weather",fly (insect),n.,chivin,A1 Master
261,"11. Nature, Animals & Weather",fog,n.,tuman,A1 Master
262,"11. Nature, Animals & Weather",forest,n./adj.,o‘rmon,A1 Master
263,"11. Nature, Animals & Weather",fox,n.,tulki,A1 Master
264,"11. Nature, Animals & Weather",frog,n.,qurbaqa,A1 Master
265,"11. Nature, Animals & Weather",frost,n.,ayoz,A1 Master
266,"11. Nature, Animals & Weather",fur,n.,mo'yna,A1 Master
267,"11. Nature, Animals & Weather",goat,n./adj.,echki,A1 Master
268,"11. Nature, Animals & Weather",goose,n.,g'oz,A1 Master
269,"11. Nature, Animals & Weather",grass,n./adj.,o‘t,A1 Master
270,"11. Nature, Animals & Weather",harvest,v.,hosil yig'ib olmoq,A1 Master
271,"11. Nature, Animals & Weather",hill,n.,tepalik,A1 Master
272,"11. Nature, Animals & Weather",hoof,n.,tuyoq,A1 Master
273,"11. Nature, Animals & Weather",horizon,n.,ufq,A1 Master
274,"11. Nature, Animals & Weather",horn,n.,shox (hayvon),A1 Master
275,"11. Nature, Animals & Weather",horse,n./adj.,ot,A1 Master
276,"11. Nature, Animals & Weather",humidity,n.,namlik,A1 Master
277,"11. Nature, Animals & Weather",ice,n.,muz,A1 Master
278,"11. Nature, Animals & Weather",insect,n./adj.,hasharot,A1 Master
279,"11. Nature, Animals & Weather",island,n.,orol,A1 Master
280,"11. Nature, Animals & Weather",lake,n./adj.,ko‘l,A1 Master
281,"11. Nature, Animals & Weather",landscape,n.,landshaft / manzara,A1 Master
282,"11. Nature, Animals & Weather",leaf,n.,barg,A1 Master
283,"11. Nature, Animals & Weather",lightning,n.,chaqmoq,A1 Master
284,"11. Nature, Animals & Weather",lion,n./adj.,sher,A1 Master
285,"11. Nature, Animals & Weather",monkey,n./adj.,maymun,A1 Master
286,"11. Nature, Animals & Weather",moon,n./adj.,oy,A1 Master
287,"11. Nature, Animals & Weather",mosquito,n.,chivin (qon so'ruvchi),A1 Master
288,"11. Nature, Animals & Weather",mountain,n./adj.,tog‘,A1 Master
289,"11. Nature, Animals & Weather",mouse,n.,sichqon,A1 Master
290,"11. Nature, Animals & Weather",mud,n.,loy,A1 Master
291,"11. Nature, Animals & Weather",nature,n./adj.,tabiat,A1 Master
292,"11. Nature, Animals & Weather",nest,n.,uya,A1 Master
293,"11. Nature, Animals & Weather",ocean,n.,okean,A1 Master
294,"11. Nature, Animals & Weather",paw,n.,panja,A1 Master
295,"11. Nature, Animals & Weather",pet,n.,uy hayvoni,A1 Master
296,"11. Nature, Animals & Weather",pig,n.,cho'chqa,A1 Master
297,"11. Nature, Animals & Weather",planet,n.,sayyora,A1 Master
298,"11. Nature, Animals & Weather",plant,n./adj.,o‘simlik,A1 Master
299,"11. Nature, Animals & Weather",pollution,n.,ifloslanish,A1 Master
300,"11. Nature, Animals & Weather",puddle,n.,ko'lmak,A1 Master
301,"11. Nature, Animals & Weather",rabbit,n./adj.,quyon,A1 Master
302,"11. Nature, Animals & Weather",rain,n./adj.,yomg‘ir,A1 Master
303,"11. Nature, Animals & Weather",rainbow,n.,kamalak,A1 Master
304,"11. Nature, Animals & Weather",rainy,n./adj.,yomg‘irli,A1 Master
305,"11. Nature, Animals & Weather",recycle,v.,qayta ishlash,A1 Master
306,"11. Nature, Animals & Weather",river,n./adj.,daryo,A1 Master
307,"11. Nature, Animals & Weather",root,n.,ildiz,A1 Master
308,"11. Nature, Animals & Weather",sand,n.,qum,A1 Master
309,"11. Nature, Animals & Weather",sea,n./adj.,dengiz,A1 Master
310,"11. Nature, Animals & Weather",season,n.,fasl,A1 Master
311,"11. Nature, Animals & Weather",seed,n.,urug',A1 Master
312,"11. Nature, Animals & Weather",shadow,n.,soya,A1 Master
313,"11. Nature, Animals & Weather",shark,n.,akula,A1 Master
314,"11. Nature, Animals & Weather",sheep,n./adj.,qo‘y,A1 Master
315,"11. Nature, Animals & Weather",shell,n.,chig'anoq,A1 Master
316,"11. Nature, Animals & Weather",sky,n./adj.,osmon,A1 Master
317,"11. Nature, Animals & Weather",snake,n./adj.,ilon,A1 Master
318,"11. Nature, Animals & Weather",snow,n./adj.,qor,A1 Master
319,"11. Nature, Animals & Weather",snowy,n./adj.,qorli,A1 Master
320,"11. Nature, Animals & Weather",soil,n.,tuproq,A1 Master
321,"11. Nature, Animals & Weather",spider,n.,o'rgimchak,A1 Master
322,"11. Nature, Animals & Weather",spring,n.,bahor,A1 Master
323,"11. Nature, Animals & Weather",squirrel,n.,olmaxon,A1 Master
324,"11. Nature, Animals & Weather",star,n./adj.,yulduz,A1 Master
325,"11. Nature, Animals & Weather",stone,n.,tosh,A1 Master
326,"11. Nature, Animals & Weather",storm,n.,bo'ron,A1 Master
327,"11. Nature, Animals & Weather",summer,n.,yoz,A1 Master
328,"11. Nature, Animals & Weather",sun,n./adj.,quyosh,A1 Master
329,"11. Nature, Animals & Weather",sunny,n./adj.,quyoshli,A1 Master
330,"11. Nature, Animals & Weather",sunrise,n.,quyosh chiqishi,A1 Master
331,"11. Nature, Animals & Weather",sunset,n.,quyosh botishi,A1 Master
332,"11. Nature, Animals & Weather",tail,n.,dum,A1 Master
333,"11. Nature, Animals & Weather",thunder,n.,momaqaldiroq,A1 Master
334,"11. Nature, Animals & Weather",tiger,n./adj.,yo‘lbars,A1 Master
335,"11. Nature, Animals & Weather",tree,n./adj.,daraxt,A1 Master
336,"11. Nature, Animals & Weather",turkey,n.,kurka,A1 Master
337,"11. Nature, Animals & Weather",turtle,n.,toshbaqa,A1 Master
338,"11. Nature, Animals & Weather",universe,n.,koinot,A1 Master
339,"11. Nature, Animals & Weather",valley,n.,vodiy,A1 Master
340,"11. Nature, Animals & Weather",volcano,n.,vulqon,A1 Master
341,"11. Nature, Animals & Weather",warm,n./adj.,iliq,A1 Master
342,"11. Nature, Animals & Weather",waterfall,n.,sharshara,A1 Master
343,"11. Nature, Animals & Weather",weather,n./adj.,ob-havo,A1 Master
344,"11. Nature, Animals & Weather",whale,n.,kit,A1 Master
345,"11. Nature, Animals & Weather",wildlife,n.,yovvoyi tabiat,A1 Master
346,"11. Nature, Animals & Weather",wind,n./adj.,shamol,A1 Master
347,"11. Nature, Animals & Weather",windy,n./adj.,shamolli,A1 Master
348,"11. Nature, Animals & Weather",wing,n.,qanot,A1 Master
349,"11. Nature, Animals & Weather",winter,n.,qish,A1 Master
350,"11. Nature, Animals & Weather",wolf,n.,bo'ri,A1 Master
351,"11. Nature, Animals & Weather",world,n./adj.,dunyo,A1 Master
352,"11. Nature, Animals & Weather",worm,n.,chuvalchang,A1 Master
353,"11. Nature, Animals & Weather",zookeeper,n.,hayvonot bog'i xodimi,A1 Master
354,12. Everyday Verbs,agree,v.,rozi bo'lmoq,A1 Master
355,12. Everyday Verbs,answer (verb),v.,javob bermoq,A1 Master
356,12. Everyday Verbs,be,v.,bo‘lmoq,A1 Master
357,12. Everyday Verbs,believe,v.,ishonmoq,A1 Master
358,12. Everyday Verbs,borrow,v.,qarz olmoq,A1 Master
359,12. Everyday Verbs,break,v.,sindirmoq,A1 Master
360,12. Everyday Verbs,bring,v.,olib kelmoq,A1 Master
361,12. Everyday Verbs,brush teeth,phr.,tish yuvmoq,A1 Master
362,12. Everyday Verbs,build,v.,qurmoq,A1 Master
363,12. Everyday Verbs,call,v.,qo‘ng‘iroq qilmoq,A1 Master
364,12. Everyday Verbs,carry,v.,"olib yurmoq, tashimoq",A1 Master
365,12. Everyday Verbs,catch,v.,tutmoq,A1 Master
366,12. Everyday Verbs,charge (phone),v.,zaryadlamoq,A1 Master
367,12. Everyday Verbs,check email,phr.,pochtani tekshirmoq,A1 Master
368,12. Everyday Verbs,choose,v.,tanlamoq,A1 Master
369,12. Everyday Verbs,click,v.,bosmoq (sichqonchani),A1 Master
370,12. Everyday Verbs,comb hair,phr.,sochni taramoq,A1 Master
371,12. Everyday Verbs,come in,phr.v.,kirmoq,A1 Master
372,12. Everyday Verbs,continue,v.,davom ettirmoq,A1 Master
373,12. Everyday Verbs,count,v.,sanamoq,A1 Master
374,12. Everyday Verbs,cry,v.,yig'lamoq,A1 Master
375,12. Everyday Verbs,decide,v.,qaror qilmoq,A1 Master
376,12. Everyday Verbs,delete,v.,o'chirmoq,A1 Master
377,12. Everyday Verbs,depend on,phr.v.,bog'liq bo'lmoq,A1 Master
378,12. Everyday Verbs,die,v.,o'lmoq,A1 Master
379,12. Everyday Verbs,disagree,v.,rozi bo'lmagan,A1 Master
380,12. Everyday Verbs,do,v.,qilmoq,A1 Master
381,12. Everyday Verbs,do homework,phr.,uy vazifasini bajarmoq,A1 Master
382,12. Everyday Verbs,do laundry,phr.,kir yuvmoq,A1 Master
383,12. Everyday Verbs,download,v.,yuklab olmoq,A1 Master
384,12. Everyday Verbs,drive,v.,haydamoq,A1 Master
385,12. Everyday Verbs,empty (verb),v.,bo'shatmoq,A1 Master
386,12. Everyday Verbs,enter,v.,kirmoq,A1 Master
387,12. Everyday Verbs,exit,v.,chiqmoq,A1 Master
388,12. Everyday Verbs,fight,v.,"jang qilmoq, kurashmoq",A1 Master
389,12. Everyday Verbs,fill,v.,to'ldirmoq,A1 Master
390,12. Everyday Verbs,fix,v.,tuzatmoq,A1 Master
391,12. Everyday Verbs,fly,v.,uchmoq,A1 Master
392,12. Everyday Verbs,forget,v.,unutmoq,A1 Master
393,12. Everyday Verbs,get,v.,"olmoq, ega bo‘lmoq",A1 Master
394,12. Everyday Verbs,get dressed,v.,kiyinmoq,A1 Master
395,12. Everyday Verbs,get undressed,v.,yechinmoq,A1 Master
396,12. Everyday Verbs,get up,v.,turmoq,A1 Master
397,12. Everyday Verbs,give,v.,bermoq,A1 Master
398,12. Everyday Verbs,go out,phr.v.,chiqmoq,A1 Master
399,12. Everyday Verbs,go shopping,phr.,xarid qilishga bormoq,A1 Master
400,12. Everyday Verbs,grow,v.,o'smoq,A1 Master
401,12. Everyday Verbs,hang up,phr.v.,osmoq / telefonni qo'ymoq,A1 Master
402,12. Everyday Verbs,have,v.,ega bo‘lmoq,A1 Master
403,12. Everyday Verbs,hear,v.,eshitmoq,A1 Master
404,12. Everyday Verbs,hold,v.,ushlamoq (ushlab turmoq),A1 Master
405,12. Everyday Verbs,hope,v.,umid qilmoq,A1 Master
406,12. Everyday Verbs,kill,v.,o'ldirmoq,A1 Master
407,12. Everyday Verbs,know,v.,bilmoq,A1 Master
408,12. Everyday Verbs,laugh,v.,kulmoq,A1 Master
409,12. Everyday Verbs,lend,v.,qarz bermoq,A1 Master
410,12. Everyday Verbs,like,v.,yoqtirmoq,A1 Master
411,12. Everyday Verbs,look for,phr.v.,qidirmoq,A1 Master
412,12. Everyday Verbs,lose,v.,yo'qotmoq,A1 Master
413,12. Everyday Verbs,love,v.,sevmoq,A1 Master
414,12. Everyday Verbs,make,v.,yasamoq/qilmoq,A1 Master
415,12. Everyday Verbs,make the bed,phr.,to'shak yig'ishtirmoq,A1 Master
416,12. Everyday Verbs,measure,v.,o'lchamoq,A1 Master
417,12. Everyday Verbs,meet,v.,uchrashmoq,A1 Master
418,12. Everyday Verbs,mix,v.,aralashtirmoq,A1 Master
419,12. Everyday Verbs,need,v.,"kerak bo‘lmoq, muhtoj bo'lmoq",A1 Master
420,12. Everyday Verbs,pick up,phr.v.,ko'tarib olmoq,A1 Master
421,12. Everyday Verbs,play,v.,"o‘ynamoq, chalmoq",A1 Master
422,12. Everyday Verbs,prepare,v.,tayyorlamoq,A1 Master
423,12. Everyday Verbs,print,v.,chop etmoq,A1 Master
424,12. Everyday Verbs,pull,v.,tortmoq,A1 Master
425,12. Everyday Verbs,push,v.,itarmoq,A1 Master
426,12. Everyday Verbs,put,v.,qo'ymoq,A1 Master
427,12. Everyday Verbs,register,v.,ro'yxatdan o'tmoq,A1 Master
428,12. Everyday Verbs,remember,v.,eslamoq,A1 Master
429,12. Everyday Verbs,save,v.,tejamoq / saqlamoq,A1 Master
430,12. Everyday Verbs,save (file),v.,saqlamoq,A1 Master
431,12. Everyday Verbs,search,v.,qidirmoq,A1 Master
432,12. Everyday Verbs,see,v.,ko‘rmoq,A1 Master
433,12. Everyday Verbs,sell,v.,sotmoq,A1 Master
434,12. Everyday Verbs,send,v.,yubormoq,A1 Master
435,12. Everyday Verbs,share,v.,bo'lishmoq,A1 Master
436,12. Everyday Verbs,sign,v.,imzolamoq,A1 Master
437,12. Everyday Verbs,sit down,phr.v.,o'tirmoq,A1 Master
438,12. Everyday Verbs,smile,v.,tabassum qilmoq,A1 Master
439,12. Everyday Verbs,spend,v.,sarflamoq (vaqt yoki pul),A1 Master
440,12. Everyday Verbs,stand up,phr.v.,o'rnidan turmoq,A1 Master
441,12. Everyday Verbs,stay,v.,qolmoq,A1 Master
442,12. Everyday Verbs,stop,v.,"to‘xtamoq, to'xtatmoq",A1 Master
443,12. Everyday Verbs,sweep,v.,supurmoq,A1 Master
444,12. Everyday Verbs,swim,v.,suzmoq,A1 Master
445,12. Everyday Verbs,switch on,phr.v.,yoqib qo'ymoq,A1 Master
446,12. Everyday Verbs,take,v.,"olmoq, olib ketmoq",A1 Master
447,12. Everyday Verbs,take a bath,phr.,vannaga tushmoq,A1 Master
448,12. Everyday Verbs,take a shower,phr.,dush qabul qilmoq,A1 Master
449,12. Everyday Verbs,take out the trash,phr.,axlat chiqarmoq,A1 Master
450,12. Everyday Verbs,talk,v.,suhbatlashmoq,A1 Master
451,12. Everyday Verbs,teach,v.,"o‘qitmoq, o'rgatmoq",A1 Master
452,12. Everyday Verbs,think,v.,o‘ylamoq,A1 Master
453,12. Everyday Verbs,throw,v.,otmoq / tashlamoq,A1 Master
454,12. Everyday Verbs,touch,v.,teginmoq,A1 Master
455,12. Everyday Verbs,try,v.,harakat qilmoq,A1 Master
456,12. Everyday Verbs,turn off,phr.v.,o'chirmoq,A1 Master
457,12. Everyday Verbs,turn on,phr.v.,yoqmoq,A1 Master
458,12. Everyday Verbs,type,v.,yozmoq (klaviaturada),A1 Master
459,12. Everyday Verbs,upload,v.,yuklamoq,A1 Master
460,12. Everyday Verbs,use,v.,ishlatmoq,A1 Master
461,12. Everyday Verbs,wait,v.,kutmoq,A1 Master
462,12. Everyday Verbs,wait for,phr.v.,kutmoq,A1 Master
463,12. Everyday Verbs,wake,v.,uyg‘onmoq,A1 Master
464,12. Everyday Verbs,wake someone up,phr.,birovni uyg'otmoq,A1 Master
465,12. Everyday Verbs,wake up,v.,uyg'onmoq,A1 Master
466,12. Everyday Verbs,want,v.,xohlamoq,A1 Master
467,12. Everyday Verbs,wash dishes,phr.,idish yuvmoq,A1 Master
468,12. Everyday Verbs,weigh,v.,tortmoq (vazn),A1 Master
469,12. Everyday Verbs,wipe,v.,artmoq,A1 Master
470,13. Common Adjectives & Feelings,active,adj.,faol,A1 Master
471,13. Common Adjectives & Feelings,afraid,n./adj.,qo‘rqgan,A1 Master
472,13. Common Adjectives & Feelings,angry,n./adj.,jahli chiqqan,A1 Master
473,13. Common Adjectives & Feelings,ashamed,adj.,uyalgan,A1 Master
474,13. Common Adjectives & Feelings,bored,adj.,zerikkan,A1 Master
475,13. Common Adjectives & Feelings,boring,adj.,zerikarli,A1 Master
476,13. Common Adjectives & Feelings,brave,adj.,botir / jasur,A1 Master
477,13. Common Adjectives & Feelings,busy,n./adj.,band,A1 Master
478,13. Common Adjectives & Feelings,calm,adj.,tinch,A1 Master
479,13. Common Adjectives & Feelings,calm (weather),adj.,sokin,A1 Master
480,13. Common Adjectives & Feelings,careful,adj.,ehtiyotkor,A1 Master
481,13. Common Adjectives & Feelings,careless,adj.,beparvo,A1 Master
482,13. Common Adjectives & Feelings,cheap,adj.,arzon,A1 Master
483,13. Common Adjectives & Feelings,cheeky,adj.,o'ktam / yaramas,A1 Master
484,13. Common Adjectives & Feelings,cheerful,adj.,quvnoq,A1 Master
485,13. Common Adjectives & Feelings,clean (adj),adj.,toza,A1 Master
486,13. Common Adjectives & Feelings,clever,adj.,aqlli,A1 Master
487,13. Common Adjectives & Feelings,closed,n./adj.,yopiq,A1 Master
488,13. Common Adjectives & Feelings,comfortable,adj.,qulay,A1 Master
489,13. Common Adjectives & Feelings,common,adj.,"umumiy, keng tarqalgan",A1 Master
490,13. Common Adjectives & Feelings,confident,adj.,ishonchli,A1 Master
491,13. Common Adjectives & Feelings,confused,adj.,chalkashib qolgan,A1 Master
492,13. Common Adjectives & Feelings,creative,adj.,ijodkor,A1 Master
493,13. Common Adjectives & Feelings,crowded,adj.,gavjum,A1 Master
494,13. Common Adjectives & Feelings,curious,adj.,qiziquvchan,A1 Master
495,13. Common Adjectives & Feelings,dangerous,adj.,xavfli,A1 Master
496,13. Common Adjectives & Feelings,determined,adj.,qat'iyatli,A1 Master
497,13. Common Adjectives & Feelings,different,n./adj.,boshqacha,A1 Master
498,13. Common Adjectives & Feelings,disappointed,adj.,ko'ngli qolgan,A1 Master
499,13. Common Adjectives & Feelings,empty,n./adj.,bo‘sh,A1 Master
500,13. Common Adjectives & Feelings,excited,adj.,hayajonlangan,A1 Master
