1,Mastery & Rare,aberration,noun,"og'ish, anomaliya",C2 Master
2,Mastery & Rare,abhor,verb,nafratlanmoq,C2 Master
3,Mastery & Rare,abject,adjective,"achinarli, tuban",C2 Master
4,Mastery & Rare,ablution,noun,"tahorat, yuvinish",C2 Master
5,Mastery & Rare,acumen,noun,"zakovat, o'tkir zukkolik",C2 Master
6,Mastery & Rare,admonish,verb,tanbeh bermoq,C2 Master
7,Mastery & Rare,aesthetic,adjective,estetik,C2 Master
8,Mastery & Rare,alacrity,noun,"chaqqonlik, ishtiyoq",C2 Master
9,Mastery & Rare,amalgamate,verb,birlashtirmoq,C2 Master
10,Mastery & Rare,ambivalent,adjective,ikki xil kayfiyatdagi,C2 Master
11,Mastery & Rare,ameliorate,verb,yaxshilamoq,C2 Master
12,Mastery & Rare,anachronism,noun,eski davrga oid narsa,C2 Master
13,Mastery & Rare,anathema,noun,nafrat obyekti,C2 Master
14,Mastery & Rare,anomaly,noun,anomaliya,C2 Master
15,Mastery & Rare,antipathy,noun,"antpatiya, dushmanlik",C2 Master
16,Mastery & Rare,apocryphal,adjective,"to'qima, shubhali",C2 Master
17,Mastery & Rare,apposite,adjective,"o'rinli, mos",C2 Master
18,Mastery & Rare,arcane,adjective,"sirli, faqat tor doiraga ma'lum",C2 Master
19,Mastery & Rare,articulate,adjective,fikrini ravshan bayon etuvchi,C2 Master
20,Mastery & Rare,ascetic,adjective,"zohid, nafsini tiyuvchi",C2 Master
21,Mastery & Rare,asperity,noun,"qo'pollik, jiddiylik",C2 Master
22,Mastery & Rare,assiduous,adjective,tirishqoq,C2 Master
23,Mastery & Rare,audacious,adjective,o'ta jasur,C2 Master
24,Mastery & Rare,augury,noun,bashorat,C2 Master
25,Mastery & Rare,auspicious,adjective,"qutlug', ijobiy",C2 Master
26,Mastery & Rare,avarice,noun,ochko'zlik,C2 Master
27,Mastery & Rare,banal,adjective,zerikarli,C2 Master
28,Mastery & Rare,belligerent,adjective,urishqoq,C2 Master
29,Mastery & Rare,benevolent,adjective,mehribon,C2 Master
30,Mastery & Rare,benign,adjective,zararsiz,C2 Master
31,Mastery & Rare,berate,verb,urishib bermoq,C2 Master
32,Mastery & Rare,bilateral,adjective,ikki tomonlama,C2 Master
33,Mastery & Rare,boisterous,adjective,shovqinli,C2 Master
34,Mastery & Rare,bolster,verb,kuchaytirmoq,C2 Master
35,Mastery & Rare,bombastic,adjective,balandparvoz,C2 Master
36,Mastery & Rare,bourgeois,adjective,burjua,C2 Master
37,Mastery & Rare,cacophony,noun,kakofoniya,C2 Master
38,Mastery & Rare,cajole,verb,xushomad bilan ko'ndirmoq,C2 Master
39,Mastery & Rare,calumny,noun,tuhmat,C2 Master
40,Mastery & Rare,camaraderie,noun,do'stona muhit,C2 Master
41,Mastery & Rare,candor,noun,samimiylik,C2 Master
42,Mastery & Rare,capricious,adjective,injiq,C2 Master
43,Mastery & Rare,castigate,verb,qattiq tanqid qilmoq,C2 Master
44,Mastery & Rare,catalyst,noun,turtki,C2 Master
45,Mastery & Rare,catharsis,noun,ruhiy poklanish,C2 Master
46,Mastery & Rare,censure,noun,qoralash,C2 Master
47,Mastery & Rare,chicanery,noun,hiyla-nayrang,C2 Master
48,Mastery & Rare,circumspect,adjective,ehtiyotkor,C2 Master
49,Mastery & Rare,clandestine,adjective,yashirin,C2 Master
50,Mastery & Rare,coagulate,verb,quyuqlashmoq,C2 Master
51,Mastery & Rare,codify,verb,tartibga solmoq,C2 Master
52,Mastery & Rare,commensurate,adjective,mutanosib,C2 Master
53,Mastery & Rare,compunction,noun,vijdon azobi,C2 Master
54,Mastery & Rare,concord,noun,totuvlik,C2 Master
55,Mastery & Rare,condone,verb,ko'z yummoq,C2 Master
56,Mastery & Rare,conflagration,noun,katta yong'in,C2 Master
57,Mastery & Rare,connoisseur,noun,bilarmon,C2 Master
58,Mastery & Rare,conscript,verb,harbiy xizmatga chaqirmoq,C2 Master
59,Mastery & Rare,construe,verb,talqin qilmoq,C2 Master
60,Mastery & Rare,consummate,adjective,mukammal,C2 Master
61,Mastery & Rare,corpulent,adjective,semiz,C2 Master
62,Mastery & Rare,corroborate,verb,tasdiqlamoq,C2 Master
63,Mastery & Rare,coterie,noun,tor guruh,C2 Master
64,Mastery & Rare,credulity,noun,ishonvuchanlik,C2 Master
65,Mastery & Rare,cursory,adjective,yuzaki,C2 Master
66,Mastery & Rare,dauntless,adjective,qo'rqmas,C2 Master
67,Mastery & Rare,debacle,noun,barbod bo'lish,C2 Master
68,Mastery & Rare,decorum,noun,odob qoidalari,C2 Master
69,Mastery & Rare,defamation,noun,tuhmat,C2 Master
70,Mastery & Rare,deleterious,adjective,zararli,C2 Master
71,Mastery & Rare,demagogue,noun,demagog,C2 Master
72,Mastery & Rare,denizen,noun,tub aholi,C2 Master
73,Mastery & Rare,depravity,noun,tubanlik,C2 Master
74,Mastery & Rare,deprecate,verb,qoralamoq,C2 Master
75,Mastery & Rare,derelict,adjective,tashlandiq,C2 Master
76,Mastery & Rare,derision,noun,masxara,C2 Master
77,Mastery & Rare,derivative,noun,hosila,C2 Master
78,Mastery & Rare,desiccate,verb,quritmoq,C2 Master
79,Mastery & Rare,diatribe,noun,tanqidiy nutq,C2 Master
80,Mastery & Rare,dichotomy,noun,dixotomiya,C2 Master
81,Mastery & Rare,didactic,adjective,didaktik,C2 Master
82,Mastery & Rare,diffident,adjective,tortinchoq,C2 Master
83,Mastery & Rare,dilatory,adjective,sust,C2 Master
84,Mastery & Rare,dilettante,noun,havaskor,C2 Master
85,Mastery & Rare,discomfit,verb,sarosimaga solmoq,C2 Master
86,Mastery & Rare,discordant,adjective,nomutanosib,C2 Master
87,Mastery & Rare,discreet,adjective,mulohazali,C2 Master
88,Mastery & Rare,disingenuous,adjective,ayyona,C2 Master
89,Mastery & Rare,dismay,noun,tashvish,C2 Master
90,Mastery & Rare,disparage,verb,kamsitmoq,C2 Master
91,Mastery & Rare,disparate,adjective,farq qiluvchi,C2 Master
92,Mastery & Rare,dissemble,verb,yashirmoq,C2 Master
93,Mastery & Rare,dissonance,noun,dissonans,C2 Master
94,Mastery & Rare,dogmatic,adjective,dogmatik,C2 Master
95,Mastery & Rare,ebullient,adjective,jo'shqin,C2 Master
96,Mastery & Rare,eccentric,adjective,g'alati,C2 Master
97,Mastery & Rare,eclectic,adjective,eklektik,C2 Master
98,Mastery & Rare,efficacy,noun,samaradorlik,C2 Master
99,Mastery & Rare,effrontery,noun,beadablik,C2 Master
100,Mastery & Rare,egregious,adjective,juda yomon,C2 Master
101,Mastery & Rare,elegy,noun,elegiya,C2 Master
102,Mastery & Rare,elicit,verb,chiqarib olmoq,C2 Master
103,Mastery & Rare,embellish,verb,bezamoq,C2 Master
104,Mastery & Rare,emulate,verb,taqlid qilmoq,C2 Master
105,Mastery & Rare,enervate,verb,holsizlantirmoq,C2 Master
106,Mastery & Rare,encomium,noun,maqtov,C2 Master
107,Mastery & Rare,endemic,adjective,mahalliy,C2 Master
108,Mastery & Rare,ephemeral,adjective,o'tkinchi,C2 Master
109,Mastery & Rare,equanimity,noun,vazminlik,C2 Master
110,Mastery & Rare,equivocal,adjective,ikki ma'noli,C2 Master
111,Mastery & Rare,erudite,adjective,bilimli,C2 Master
112,Mastery & Rare,esoteric,adjective,tor doiraga tushunarli,C2 Master
113,Mastery & Rare,ethos,noun,dunyoqarash,C2 Master
114,Mastery & Rare,eulogy,noun,maqtov nutqi,C2 Master
115,Mastery & Rare,evanescent,adjective,tez yo'qolib ketuvchi,C2 Master
116,Mastery & Rare,exacerbate,verb,kuchaytirmoq,C2 Master
117,Mastery & Rare,exacting,adjective,talabchan,C2 Master
118,Mastery & Rare,exculpate,verb,oqlamoq,C2 Master
119,Mastery & Rare,execrable,adjective,jirkanch,C2 Master
120,Mastery & Rare,exonerate,verb,aybdan ozod qilmoq,C2 Master
121,Mastery & Rare,exorbitant,adjective,haddan tashqari qimmat,C2 Master
122,Mastery & Rare,expedient,adjective,maqsadga muvofiq,C2 Master
123,Mastery & Rare,expunge,verb,o'chirib tashlamoq,C2 Master
124,Mastery & Rare,extant,adjective,saqlanib qolgan,C2 Master
125,Mastery & Rare,extol,verb,ulug'lamoq,C2 Master
126,Mastery & Rare,extraneous,adjective,ortiqcha,C2 Master
127,Mastery & Rare,extrapolate,verb,taxmin qilmoq,C2 Master
128,Mastery & Rare,facetious,adjective,hazilpaz,C2 Master
129,Mastery & Rare,fallacious,adjective,aldamchi,C2 Master
130,Mastery & Rare,fatuous,adjective,ahmoqona,C2 Master
131,Mastery & Rare,fecund,adjective,serhosil,C2 Master
132,Mastery & Rare,felicitous,adjective,o'rinli,C2 Master
133,Mastery & Rare,fervid,adjective,jo'shqin,C2 Master
134,Mastery & Rare,fetid,adjective,badbo'y,C2 Master
135,Mastery & Rare,fiat,noun,farmon,C2 Master
136,Mastery & Rare,flagrant,adjective,ochiq yaramas,C2 Master
137,Mastery & Rare,fledgling,noun,havaskor,C2 Master
138,Mastery & Rare,flout,verb,mensimasdan buzmoq,C2 Master
139,Mastery & Rare,foment,verb,qo'zg'atmoq,C2 Master
140,Mastery & Rare,forbearance,noun,bag'rikenglik,C2 Master
141,Mastery & Rare,forestall,verb,oldini olmoq,C2 Master
142,Mastery & Rare,formidable,adjective,qo'rqinchli,C2 Master
143,Mastery & Rare,fortuitous,adjective,tasodifiy,C2 Master
144,Mastery & Rare,fractious,adjective,janjalkash,C2 Master
145,Mastery & Rare,gainsay,verb,inkor qilmoq,C2 Master
146,Mastery & Rare,garrulous,adjective,sergap,C2 Master
147,Mastery & Rare,genial,adjective,samimiy,C2 Master
148,Mastery & Rare,glib,adjective,silliq gapiradigan,C2 Master
149,Mastery & Rare,gorge,verb,to'yib yemoq,C2 Master
150,Mastery & Rare,gregarious,adjective,kirishimli,C2 Master
151,Mastery & Rare,guile,noun,hiyla,C2 Master
152,Mastery & Rare,gullible,adjective,aldanuvchan,C2 Master
153,Mastery & Rare,hapless,adjective,baxtsiz,C2 Master
154,Mastery & Rare,hedonism,noun,hedonizm,C2 Master
155,Mastery & Rare,hegemony,noun,gegemoniya,C2 Master
156,Mastery & Rare,heresy,noun,bid'at,C2 Master
157,Mastery & Rare,heterogeneous,adjective,turfa tarkibli,C2 Master
158,Mastery & Rare,hubris,noun,manmanlik,C2 Master
159,Mastery & Rare,iconoclast,noun,an'analarga qarshi chiquvchi,C2 Master
160,Mastery & Rare,immutable,adjective,o'zgarmas,C2 Master
161,Mastery & Rare,impecunious,adjective,pulsiz,C2 Master
162,Mastery & Rare,imperious,adjective,hukmron,C2 Master
163,Mastery & Rare,impertinent,adjective,beadab,C2 Master
164,Mastery & Rare,impervious,adjective,o'tkazmaydigan,C2 Master
165,Mastery & Rare,implacable,adjective,murosasiz,C2 Master
166,Mastery & Rare,impromptu,adjective,tayyorgarliksiz,C2 Master
167,Mastery & Rare,inadvertent,adjective,e'tiborsizlikdan,C2 Master
168,Mastery & Rare,incongruous,adjective,mos kelmaydigan,C2 Master
169,Mastery & Rare,incorrigible,adjective,tuzatib bo'lmaydigan,C2 Master
170,Mastery & Rare,indefatigable,adjective,charchamaydigan,C2 Master
171,Mastery & Rare,indigent,adjective,qashshoq,C2 Master
172,Mastery & Rare,indolent,adjective,dangasa,C2 Master
173,Mastery & Rare,ineffable,adjective,ta'riflab bo'lmaydigan,C2 Master
174,Mastery & Rare,ineluctable,adjective,muqarrar,C2 Master
175,Mastery & Rare,inept,adjective,uddaburon emas,C2 Master
176,Mastery & Rare,inert,adjective,harakatsiz,C2 Master
177,Mastery & Rare,inexorable,adjective,shafqatsiz,C2 Master
178,Mastery & Rare,ingenious,adjective,zukko,C2 Master
179,Mastery & Rare,ingenuous,adjective,samimiy,C2 Master
180,Mastery & Rare,inimical,adjective,dushmanona,C2 Master
181,Mastery & Rare,insipid,adjective,ta'msiz,C2 Master
182,Mastery & Rare,insouciant,adjective,beparvo,C2 Master
183,Mastery & Rare,intransigent,adjective,murosasiz,C2 Master
184,Mastery & Rare,inundate,verb,bosib ketmoq,C2 Master
185,Mastery & Rare,irascible,adjective,tez jahli chiqadigan,C2 Master
186,Mastery & Rare,itinerant,adjective,ko'chmanchi,C2 Master
187,Mastery & Rare,jocund,adjective,quvnoq,C2 Master
188,Mastery & Rare,judicious,adjective,oqilona,C2 Master
189,Mastery & Rare,kudos,noun,shuhrat,C2 Master
190,Mastery & Rare,laconic,adjective,lakonik,C2 Master
191,Mastery & Rare,lambast,verb,tanqid qilmoq,C2 Master
192,Mastery & Rare,lassitude,noun,holsizlik,C2 Master
193,Mastery & Rare,latent,adjective,yashirin,C2 Master
194,Mastery & Rare,laud,verb,maqtamoq,C2 Master
195,Mastery & Rare,lethargic,adjective,letargik,C2 Master
196,Mastery & Rare,levity,noun,yengil-yelpi,C2 Master
197,Mastery & Rare,limpid,adjective,tiniq,C2 Master
198,Mastery & Rare,loquacious,adjective,sergap,C2 Master
199,Mastery & Rare,lucid,adjective,"tiniq, tushunarli",C2 Master
200,Mastery & Rare,luminous,adjective,nur sochuvchi,C2 Master
201,Mastery & Rare,magnanimous,adjective,bag'rikeng,C2 Master
202,Mastery & Rare,maladroit,adjective,"noo'quv, uquvsiz, beso'naqay",C2 Master
203,Mastery & Rare,malaise,noun,betoblik,C2 Master
204,Mastery & Rare,malleable,adjective,egiluvchan,C2 Master
205,Mastery & Rare,mandate,noun,vakolat,C2 Master
206,Mastery & Rare,maudlin,adjective,hissiyotga beriluvchan,C2 Master
207,Mastery & Rare,maverick,noun,isyonchi,C2 Master
208,Mastery & Rare,mendacious,adjective,yolg'onchi,C2 Master
209,Mastery & Rare,mercurial,adjective,o'zgaruvchan,C2 Master
210,Mastery & Rare,meticulous,adjective,sinchkov,C2 Master
211,Mastery & Rare,misanthrope,noun,odamoviy,C2 Master
212,Mastery & Rare,mitigate,verb,yumshatmoq,C2 Master
213,Mastery & Rare,mollify,verb,tinchlantirmoq,C2 Master
214,Mastery & Rare,morose,adjective,g'amgin,C2 Master
215,Mastery & Rare,mundane,adjective,odatiy,C2 Master
216,Mastery & Rare,munificent,adjective,saxiy,C2 Master
217,Mastery & Rare,nadir,noun,eng past nuqta,C2 Master
218,Mastery & Rare,nascent,adjective,paydo bo'layotgan,C2 Master
219,Mastery & Rare,nefarious,adjective,yovuz,C2 Master
220,Mastery & Rare,negligent,adjective,mas'uliyatsiz,C2 Master
221,Mastery & Rare,neophyte,noun,yangi boshlovchi,C2 Master
222,Mastery & Rare,obdurate,adjective,qaysar,C2 Master
223,Mastery & Rare,obfuscate,verb,tushunarsiz qilmoq,C2 Master
224,Mastery & Rare,obsequious,adjective,laganbardor,C2 Master
225,Technology,obsolete,adjective,"eskirgan, urfdan qolgan",C2 Master
226,Business,lucrative,adjective,"daromadli, serdaromad",C2 Master
227,Environment,sustainable,adjective,barqaror (uzoq muddatli),C2 Master
228,Society,mandatory,adjective,majburiy,C2 Master
229,Health,sedentary,adjective,kam harakat (hayot tarzi),C2 Master
230,Education,curriculum,noun,o'quv dasturi,C2 Master
231,Work,delegate,verb,vakolat/vazifa topshirmoq,C2 Master
232,Travel,itinerary,noun,sayohat yo'nalishi (marshrut),C2 Master
233,Science,empirical,adjective,tajribaga asoslangan,C2 Master
234,Psychology,cognitive,adjective,"bilishga oid, kognitiv",C2 Master
235,Society,adequate,adjective,"yetarli, muvofiq",C2 Master
236,Communication,ambiguous,adjective,"noaniq, ikki xil ma'noli",C2 Master
237,Law,amend,verb,o'zgartirish kiritmoq,C2 Master
238,Business,bankrupt,adjective,bankrot bo'lgan,C2 Master
239,Technology,browse,verb,ko'rib chiqmoq (internetda),C2 Master
240,Society,bureaucracy,noun,byurokratiya,C2 Master
241,Everyday,coherent,adjective,mantiqiy bog'langan,C2 Master
242,Business,compensate,verb,"qoplamoq, tovon to'lamoq",C2 Master
243,Work,competent,adjective,"malakali, layoqatli",C2 Master
244,Society,consensus,noun,"hamjihatlik, umumiy kelishuv",C2 Master
245,Psychology,conscious,adjective,"ongli, tushunadigan",C2 Master
246,Politics,controversy,noun,"munozara, tortishuv",C2 Master
247,Everyday,crucial,adjective,"hal qiluvchi, juda muhim",C2 Master
248,Everyday,deficient,adjective,"yetishmovchi, kamchiligi bor",C2 Master
249,Science,dense,adjective,"zich, qalin",C2 Master
250,Health,diagnose,verb,tashxis qo'ymoq,C2 Master
251,Business,dynamic,adjective,"dinamik, doim harakatdagi",C2 Master
252,Technology,emerge,verb,paydo bo'lmoq,C2 Master
253,Environment,emit,verb,"ajratib chiqarmoq (gaz, nur)",C2 Master
254,Work,evaluate,verb,baholamoq,C2 Master
255,Everyday,exaggerate,verb,"bo'rttirmoq, oshirib yubormoq",C2 Master
256,Health,fatigue,noun,"charchoq, toliqish",C2 Master
257,Business,fluctuate,verb,o'zgarib turmoq (narx/miqdor),C2 Master
258,Law,fraud,noun,firibgarlik,C2 Master
259,Everyday,genuine,adjective,"haqiqiy, samimiy",C2 Master
260,Environment,habitat,noun,yashash joyi (hayvon/o'simlik),C2 Master
261,Psychology,illusion,noun,"illyuziya, sarob",C2 Master
262,Society,implement,verb,"amalga oshirmoq, joriy etmoq",C2 Master
263,Business,incentive,noun,"rag'bat, qiziqtiruvchi omil",C2 Master
264,Society,ubiquitous,adjective,hamma joyda uchraydigan,C2 Master
265,Politics,pragmatic,adjective,"amaliy, pragmatik",C2 Master
266,Economy,volatile,adjective,"beqaror, tez o'zgaruvchan",C2 Master
267,Psychology,resilience,noun,"chidamlilik, matonat",C2 Master
268,Language,nuance,noun,"nozik farq, nyuans",C2 Master
269,Business,monopoly,noun,"monopoliya, yakkahokimlik",C2 Master
270,Society,alleviate,verb,"yengillashtirmoq (dard, muammo)",C2 Master
271,Everyday,authentic,adjective,"haqiqiy, ishonchli",C2 Master
272,Behavior,cynical,adjective,hamma narsaga shubha bilan qaraydigan,C2 Master
273,Work,diligence,noun,"qunt, tirishqoqlik",C2 Master
274,Economy,discrepancy,noun,"nomuvofiqlik, farq",C2 Master
275,Society,empower,verb,huquq/vakolat bermoq,C2 Master
276,Everyday,epitome,noun,yorqin namuna,C2 Master
277,Communication,eloquent,adjective,"notiq, ta'sirchan gapiradigan",C2 Master
278,Behavior,hypocrisy,noun,"munofiqlik, ikkiyuzlamachilik",C2 Master
279,Psychology,impulsive,adjective,o'ylamasdan harakat qiladigan,C2 Master
280,Society,indigenous,adjective,"mahalliy, tub (aholi/o'simlik)",C2 Master
281,Technology,innovative,adjective,"innovatsion, yangicha",C2 Master
282,Politics,marginalize,verb,"chetga surib qo'ymoq, e'tiborsiz qoldirmoq",C2 Master
283,Everyday,obscure,adjective,"noma'lum, tushunarsiz",C2 Master
284,Environment,paradigm,noun,"paradigma, namuna/model",C2 Master
285,Behavior,perseverance,noun,"qatiyat, bardosh",C2 Master
286,Everyday,plausible,adjective,"haqiqatga yaqin, ishonarli",C2 Master
287,Politics,precedent,noun,"pretsedent, avvalgi o'xshash holat",C2 Master
288,Everyday,profound,adjective,"chuqur (ma'no, bilim)",C2 Master
289,Work,prolific,adjective,sermahsul,C2 Master
290,Business,redundant,adjective,"ortiqcha, keraksiz",C2 Master
291,Society,scrutiny,noun,"batafsil tekshiruv, sinchkovlik",C2 Master
292,Psychology,susceptible,adjective,"tez ta'sirga tushadigan, moyil",C2 Master
293,Work,versatile,adjective,"ko'p qirrali, turli ishga mos",C2 Master
294,Society,viable,adjective,"yashovchan, amalga oshirsa bo'ladigan",C2 Master
295,Society,serendipity,noun,kutilmagan yaxshi tasodif,C2 Master
296,Psychology,quintessential,adjective,eng yorqin namuna,C2 Master
297,Work,sycophant,noun,"tilyog'lamachi, laganbardor",C2 Master
298,Environment,cataclysm,noun,"kataklizm, halokatli o'zgarish",C2 Master
299,Behavior,fastidious,adjective,"o'ta injiq, didi nozik",C2 Master
300,Society,acrimony,noun,"achchiqlanish, adovat",C2 Master
301,Psychology,altruism,noun,"altruizm, o'zgani o'ylash",C2 Master
302,Everyday,conundrum,noun,"jumbog', murakkab muammo",C2 Master
303,Society,egalitarian,adjective,tenglikka asoslangan,C2 Master
304,Everyday,enigma,noun,"jumbog', sir",C2 Master
305,Language,euphemism,noun,"evfemizm, yumshatib aytish",C2 Master
306,Psychology,idiosyncrasy,noun,"o'ziga xoslik, g'alati qiliq",C2 Master
307,Science,infinitesimal,adjective,"juda kichik, cheksiz kichik",C2 Master
308,Politics,machiavellian,adjective,maqsad yo'lida hamma narsadan qaytmaydigan,C2 Master
309,Society,mellifluous,adjective,"yoqimli eshitiladigan, mayin (ovoz)",C2 Master
310,Politics,nepotism,noun,"nepotizm, tanish-bilishchilik",C2 Master
311,Everyday,panacea,noun,barcha dardlarga davo,C2 Master
312,Society,pariah,noun,"jamiyatdan ajratib qo'yilgan odam, quvg'indi",C2 Master
313,Everyday,plethora,noun,"ortiqchalik, juda ko'p miqdor",C2 Master
314,Behavior,pugnacious,adjective,"urishqoq, janjalkash",C2 Master
315,Everyday,quixotic,adjective,"xayolparast, amalda bajarmay bo'lmaydigan",C2 Master
316,Society,sartorial,adjective,kiyim-kechakka / tikuvchilikka oid,C2 Master
317,Behavior,stoic,adjective,og'riq va qiyinchilikka chidamli (hissiyotsiz),C2 Master
318,Everyday,surreptitious,adjective,yashirincha qilingan,C2 Master
319,Everyday,vicarious,adjective,boshqalarning tajribasi orqali his qilingan,C2 Master
